-- 食堂管理系统测试数据

-- 清空现有数据（可选）
-- DELETE FROM order_detail;
-- DELETE FROM `order`;
-- DELETE FROM setmeal_dish;
-- DELETE FROM setmeal;
-- DELETE FROM dish;
-- DELETE FROM user;
use canteen;
-- 插入用户数据
INSERT INTO user (id, username, password, phone, user_type, create_time, update_time) VALUES
(1, '张三', '123456', '13800138001', 1, NOW(), NOW()),
(2, '李四', '123456', '13800138002', 1, NOW(), NOW()),
(3, '王五', '123456', '13800138003', 2, NOW(), NOW()),
(4, '赵六', '123456', '13800138004', 1, NOW(), NOW()),
(5, '孙七', '123456', '13800138005', 2, NOW(), NOW());

-- 插入菜品数据
INSERT INTO dish (id, name, price, description, category, status, create_time, update_time) VALUES
(1, '宫保鸡丁', 18.00, '经典川菜，鸡肉鲜嫩，花生香脆', '荤菜', 1, NOW(), NOW()),
(2, '麻婆豆腐', 12.00, '麻辣鲜香，豆腐嫩滑', '素菜', 1, NOW(), NOW()),
(3, '红烧肉', 22.00, '肥而不腻，入口即化', '荤菜', 1, NOW(), NOW()),
(4, '糖醋里脊', 20.00, '酸甜可口，外酥里嫩', '荤菜', 1, NOW(), NOW()),
(5, '清炒小白菜', 8.00, '清淡爽口，营养丰富', '素菜', 1, NOW(), NOW()),
(6, '番茄炒蛋', 10.00, '家常美味，简单营养', '素菜', 1, NOW(), NOW()),
(7, '白米饭', 2.00, '香软可口，粒粒分明', '主食', 1, NOW(), NOW()),
(8, '馒头', 1.50, '松软香甜，营养丰富', '主食', 1, NOW(), NOW()),
(9, '紫菜蛋花汤', 6.00, '鲜美可口，营养丰富', '汤类', 1, NOW(), NOW()),
(10, '酸辣汤', 8.00, '酸辣开胃，暖身暖胃', '汤类', 1, NOW(), NOW()),
(11, '可乐', 4.00, '冰镇可乐，清爽解暑', '饮品', 1, NOW(), NOW()),
(12, '雪碧', 4.00, '冰镇雪碧，清爽怡人', '饮品', 1, NOW(), NOW()),
(13, '水煮鱼', 25.00, '麻辣鲜香，鱼肉鲜嫩', '荤菜', 1, NOW(), NOW()),
(14, '青椒土豆丝', 9.00, '清脆爽口，开胃下饭', '素菜', 1, NOW(), NOW()),
(15, '蒜蓉西兰花', 12.00, '营养丰富，清淡健康', '素菜', 1, NOW(), NOW());

-- 插入套餐数据
INSERT INTO setmeal (id, name, price, description, vitamin_type, status, create_time, update_time) VALUES
(1, '学生营养套餐A', 25.00, '适合学生的营养搭配，包含主食、荤菜、素菜和汤品', '维生素A,维生素C', 1, NOW(), NOW()),
(2, '学生营养套餐B', 28.00, '荤素搭配，营养均衡，适合学生日常用餐', '维生素B,维生素D', 1, NOW(), NOW()),
(3, '上班族套餐A', 32.00, '适合上班族的营养套餐，荤素搭配，营养丰富', '维生素C,维生素E', 1, NOW(), NOW()),
(4, '上班族套餐B', 35.00, '高蛋白低脂肪，适合健身人群', '维生素A,维生素B', 1, NOW(), NOW()),
(5, '素食套餐A', 20.00, '全素搭配，营养丰富，适合素食者', '维生素C,维生素E', 1, NOW(), NOW()),
(6, '素食套餐B', 22.00, '多种蔬菜搭配，营养均衡', '维生素A,维生素D', 1, NOW(), NOW()),
(7, '健身套餐A', 38.00, '高蛋白低脂肪，适合健身人群', '维生素B,维生素E', 1, NOW(), NOW()),
(8, '健身套餐B', 42.00, '增肌减脂，营养科学搭配', '维生素A,维生素C', 1, NOW(), NOW());

-- 插入套餐菜品关联数据
INSERT INTO setmeal_dish (id, setmeal_id, dish_id, copies, dish_name, dish_price, create_time, update_time) VALUES
-- 学生营养套餐A
(1, 1, 7, 1, '白米饭', 2.00, NOW(), NOW()),
(2, 1, 1, 1, '宫保鸡丁', 18.00, NOW(), NOW()),
(3, 1, 5, 1, '清炒小白菜', 8.00, NOW(), NOW()),
(4, 1, 9, 1, '紫菜蛋花汤', 6.00, NOW(), NOW()),

-- 学生营养套餐B
(5, 2, 8, 2, '馒头', 1.50, NOW(), NOW()),
(6, 2, 3, 1, '红烧肉', 22.00, NOW(), NOW()),
(7, 2, 6, 1, '番茄炒蛋', 10.00, NOW(), NOW()),
(8, 2, 10, 1, '酸辣汤', 8.00, NOW(), NOW()),

-- 上班族套餐A
(9, 3, 7, 1, '白米饭', 2.00, NOW(), NOW()),
(10, 3, 4, 1, '糖醋里脊', 20.00, NOW(), NOW()),
(11, 3, 14, 1, '青椒土豆丝', 9.00, NOW(), NOW()),
(12, 3, 9, 1, '紫菜蛋花汤', 6.00, NOW(), NOW()),

-- 上班族套餐B
(13, 4, 7, 1, '白米饭', 2.00, NOW(), NOW()),
(14, 4, 13, 1, '水煮鱼', 25.00, NOW(), NOW()),
(15, 4, 15, 1, '蒜蓉西兰花', 12.00, NOW(), NOW()),
(16, 4, 10, 1, '酸辣汤', 8.00, NOW(), NOW()),

-- 素食套餐A
(17, 5, 7, 1, '白米饭', 2.00, NOW(), NOW()),
(18, 5, 2, 1, '麻婆豆腐', 12.00, NOW(), NOW()),
(19, 5, 5, 1, '清炒小白菜', 8.00, NOW(), NOW()),
(20, 5, 9, 1, '紫菜蛋花汤', 6.00, NOW(), NOW()),

-- 素食套餐B
(21, 6, 8, 2, '馒头', 1.50, NOW(), NOW()),
(22, 6, 6, 1, '番茄炒蛋', 10.00, NOW(), NOW()),
(23, 6, 14, 1, '青椒土豆丝', 9.00, NOW(), NOW()),
(24, 6, 10, 1, '酸辣汤', 8.00, NOW(), NOW()),

-- 健身套餐A
(25, 7, 7, 1, '白米饭', 2.00, NOW(), NOW()),
(26, 7, 1, 1, '宫保鸡丁', 18.00, NOW(), NOW()),
(27, 7, 13, 1, '水煮鱼', 25.00, NOW(), NOW()),
(28, 7, 15, 1, '蒜蓉西兰花', 12.00, NOW(), NOW()),

-- 健身套餐B
(29, 8, 7, 1, '白米饭', 2.00, NOW(), NOW()),
(30, 8, 3, 1, '红烧肉', 22.00, NOW(), NOW()),
(31, 8, 4, 1, '糖醋里脊', 20.00, NOW(), NOW()),
(32, 8, 15, 1, '蒜蓉西兰花', 12.00, NOW(), NOW());

-- 插入订单数据（可选，用于测试订单管理功能）
INSERT INTO `order` (id, order_no, user_id, amount, status, create_time, update_time) VALUES
(1, 'ORD20231201001', 1, 25.00, 1, NOW(), NOW()),
(2, 'ORD20231201002', 2, 28.00, 2, NOW(), NOW()),
(3, 'ORD20231201003', 3, 32.00, 1, NOW(), NOW()),
(4, 'ORD20231201004', 4, 20.00, 2, NOW(), NOW()),
(5, 'ORD20231201005', 5, 38.00, 1, NOW(), NOW());

-- 插入订单详情数据
INSERT INTO order_detail (id, order_id, dish_id, setmeal_id, quantity, price, create_time, update_time) VALUES
(1, 1, NULL, 1, 1, 25.00, NOW(), NOW()),
(2, 2, NULL, 2, 1, 28.00, NOW(), NOW()),
(3, 3, NULL, 3, 1, 32.00, NOW(), NOW()),
(4, 4, NULL, 5, 1, 20.00, NOW(), NOW()),
(5, 5, NULL, 7, 1, 38.00, NOW(), NOW()),
(6, 6, NULL, 1, 1, 25.00, NOW(), NOW()),
(7, 7, NULL, 2, 1, 28.00, NOW(), NOW()),
(8, 8, NULL, 6, 1, 22.00, NOW(), NOW()),
(9, 9, NULL, 8, 1, 42.00, NOW(), NOW()),
(10, 10, NULL, 4, 1, 35.00, NOW(), NOW()),
(11, 11, NULL, 5, 1, 20.00, NOW(), NOW()),
(12, 12, NULL, 7, 1, 38.00, NOW(), NOW()),
(13, 13, NULL, 1, 1, 25.00, NOW(), NOW()),
(14, 14, NULL, 2, 1, 28.00, NOW(), NOW()),
(15, 15, NULL, 3, 1, 32.00, NOW(), NOW());

-- 添加更多测试数据
INSERT INTO `order` (id, order_no, user_id, amount, status, create_time, update_time) VALUES
(16, '20231201016', 1, 25.00, 2, NOW(), NOW()),
(17, '20231201017', 2, 28.00, 2, NOW(), NOW()),
(18, '20231201018', 3, 22.00, 2, NOW(), NOW()),
(19, '20231201019', 4, 42.00, 2, NOW(), NOW()),
(20, '20231201020', 5, 35.00, 2, NOW(), NOW()),
(21, '20231201021', 1, 20.00, 2, NOW(), NOW()),
(22, '20231201022', 2, 38.00, 2, NOW(), NOW()),
(23, '20231201023', 3, 25.00, 2, NOW(), NOW()),
(24, '20231201024', 4, 28.00, 2, NOW(), NOW()),
(25, '20231201025', 5, 32.00, 2, NOW(), NOW());

INSERT INTO order_detail (id, order_id, dish_id, setmeal_id, quantity, price, create_time, update_time) VALUES
(16, 16, NULL, 1, 1, 25.00, NOW(), NOW()),
(17, 17, NULL, 2, 1, 28.00, NOW(), NOW()),
(18, 18, NULL, 6, 1, 22.00, NOW(), NOW()),
(19, 19, NULL, 8, 1, 42.00, NOW(), NOW()),
(20, 20, NULL, 4, 1, 35.00, NOW(), NOW()),
(21, 21, NULL, 5, 1, 20.00, NOW(), NOW()),
(22, 22, NULL, 7, 1, 38.00, NOW(), NOW()),
(23, 23, NULL, 1, 1, 25.00, NOW(), NOW()),
(24, 24, NULL, 2, 1, 28.00, NOW(), NOW()),
(25, 25, NULL, 3, 1, 32.00, NOW(), NOW());

